Likes,Comments,Shares,Content,Audio URL,Transcription,English,
216.8K,131,73.3K,poster,https://cdn4.sharechat.com/2f3639fb_1700986341752.mp3?tenant=moj&referrer=audio-service&f=2f3639fb_1700986341752.mp3, प्रश्न प्रश्न प्रश्न प्रश्न प्रश्न प्रश्न प्रश्न प्रश्न प्रश्न प्रश्न प्रश्न प्रश्न प्रश्न प्रश्न प्रश्न प्रश्न प्रश्न प्रश्न प्रश्न प्रश्न प्रश्न प्रश्न प्रश्न प्रश्न प्रश्न प्रश्न प्रश्न प्रश्,Question Question Question Question Question Question Question Question Question Question Question Question Question Question Question Question Question Question Question Question Question Question Question Question Question Question Question Question Question Question Question Question Question Question Question Question Question,Question Question Question Question Question Question Question Question Question Question Question Question Question Question Question Question Question Question Question Question Question Question Question Question Question Question Question Question Question Question Question Question Question Question Question Question Question
58.7K,115,9.6K,#NIVEASoftBeautyChallenge #AageBadhJa #ShubhDhanTeras #HappyDiwali #TopGiftedVideos #AayiNai #TaubaTauba,https://cdn4.sharechat.com/33d5318_26f/audio/36cdf2f1_1730601973783.mp3?tenant=moj&referrer=audio-service&f=33d5318_26f/audio/36cdf2f1_1730601973783.mp3, और मिलो या ना मिलो हम आपके हैं मिलो ना मिलो हम आपके हैं जब हमारी ये निष्ठा है तो प्रतिपल मिले रहते हैं,"And meet or not meet, we are yours, do not meet you, we are yours, when we have this loyalty, then we get the moment","And meet or not meet, we are yours, do not meet you, we are yours, when we have this loyalty, then we get the moment"
104.1K,197,9.6K,poster,https://cdn4.sharechat.com/33d5318_26f/audio/40e7c1d_1732349993117.mp3?tenant=moj&referrer=audio-service&f=33d5318_26f/audio/40e7c1d_1732349993117.mp3, तू दूर नहोना शम्द मैं किसी आओ,"You are not far away, I come to someone","You are not far away, I come to someone"
95.7K,65,15.9K,#TopGiftedVideos,https://cdn4.sharechat.com/33d5318_26f/audio/5e37330_1728970770064.mp3?tenant=moj&referrer=audio-service&f=33d5318_26f/audio/5e37330_1728970770064.mp3, सबसे भरोसेमन्द इनसान ही दोका देता है ये आज से नहीं महाभारत के वक्त से चला रहा है,"The most trusted person gives it that it is running from today, not from the time of Mahabharata.","The most trusted person gives it that it is running from today, not from the time of Mahabharata."
44.9K,126,9.4K,#NIVEASoftFashionChallenge,https://cdn4.sharechat.com/33d5318_26f/audio/4dce5f3_1732342027062.mp3?tenant=moj&referrer=audio-service&f=33d5318_26f/audio/4dce5f3_1732342027062.mp3, कर दो,Do it,Do it
19.5K,38,5.2K,#NIVEASoftBeautyChallenge #HappyDiwali #AayiNai #DekhaTenu #MeraRangDeBasantiChola #TopGiftedVideos,https://cdn4.sharechat.com/33d5318_26f/audio/15e449d3_1729866047981.mp3?tenant=moj&referrer=audio-service&f=33d5318_26f/audio/15e449d3_1729866047981.mp3, सही कहा है किसी ने सच्चा प्यार करने वाले की कदर नहोती,It is right that no one has appreciated the true love,It is right that no one has appreciated the true love
52.3K,21,6K,"share your love 💕💘💗❣️♥️🫀💖💓🌹❤️❤️‍🩹❤️‍🔥💝💞💋🙌🙏🙏🙏🙏
 #moj",https://cdn4.sharechat.com/33d5318_26f/audio/f41360d_1714197257839.m4a?tenant=moj&referrer=audio-service&f=33d5318_26f/audio/f41360d_1714197257839.m4a," ओ मेरे खाबादी तू राणी, सड़ी सची एक वहाणी, राब सच्च सड़ प्यार दगवा हो गया तेरे नाल प्यार हो गया","O mere khabadi tu rani, roti sachi a wahani","O mere khabadi tu rani, roti sachi a wahani"
174.1K,369,32K,poster,https://cdn4.sharechat.com/33d5318_26f/audio/3099f9cc_1729304193523.mp3?tenant=moj&referrer=audio-service&f=33d5318_26f/audio/3099f9cc_1729304193523.mp3, वन्जिल का तो पता नहीं पर रास्ता सब कुछ सिखा ही देता है और अकेले चलना सीखे जनाब क्यूंकि सहारा कितना भी सच्चा हो एक दिन अपनी उकार दिखा ही देता है,"Wanjil does not know, but the path is taught everything and learn to walk alone, because no matter how true the support is one day, one day shows its excitement","Wanjil does not know, but the path is taught everything and learn to walk alone, because no matter how true the support is one day, one day shows its excitement"
25.1K,31,1.2K,@viral sad status,https://cdn4.sharechat.com/33d5318_26f/audio/32acbbe0_1733060747030.mp3?tenant=moj&referrer=audio-service&f=33d5318_26f/audio/32acbbe0_1733060747030.mp3, यह जारू है जिवाद मैं खमादार अस्य मिले जी हो,"This is Jaru who will be a sore,","This is Jaru who will be a sore,"
40.8K,61,7.1K,#broken-brokn-broken-broke💔brokeen,https://cdn4.sharechat.com/33d5318_26f/audio/eb30c05_1731090126615.mp3?tenant=moj&referrer=audio-service&f=33d5318_26f/audio/eb30c05_1731090126615.mp3, सुनता नहीं कहना कोई,No one says to hear,No one says to hear
197.4K,153,23.6K,poster,https://cdn4.sharechat.com/33d5318_26f/audio/17730158_1729653390377.mp3?tenant=moj&referrer=audio-service&f=33d5318_26f/audio/17730158_1729653390377.mp3, पहले लोग लड़कियों के पीछे समय और पैसा दोनों बरबात करते थे पर अब लोग समझदार हो गये हैं इसलिए साधी सुदा और दो बच्चों की मम्मी पर ज़्यादा ध्यान,"Earlier people used to spend both time and money behind the girls, but now people have become intelligent, so more attention on the mother's mother and the mother's mother","Earlier people used to spend both time and money behind the girls, but now people have become intelligent, so more attention on the mother's mother and the mother's mother"
190.6K,75,21.6K,poster,https://cdn4.sharechat.com/33d5318_26f/audio/1bc95218_1725389195740.mp3?tenant=moj&referrer=audio-service&f=33d5318_26f/audio/1bc95218_1725389195740.mp3, एक बात याद रखना कि खुदा बेटियां भी उन्हें देता है जिनकी पालने की उकात हो,Remember one thing that God also gives daughters who have to raise the cradle,Remember one thing that God also gives daughters who have to raise the cradle
325.1K,331,33.8K,poster,https://cdn4.sharechat.com/33d5318_26f/audio/9a8b915_1726426310495.mp3?tenant=moj&referrer=audio-service&f=33d5318_26f/audio/9a8b915_1726426310495.mp3, घर की सबसे बड़ी बेटी को सबसे ज़्यादा प्यार मिलता है लेकिन ये बात भी सच है कि जिसको सबसे ज़्यादा प्यार मिलता है जिन्दगी उसी के साथ खेलती है घर की सबसे बड़ी बेटी को सबसे ज़्यादा प्यार मिलता है लेकिन ये बात भी सच है कि जिसको सबसे ज़्यादा प्यार मिलता है जिन्दगी उसी के साथ खेलती है घर की सबसे बड़ी बेटी को सबसे ज़्यादा प्यार मिलता है लेकिन ये बात भी सच है कि जिसको सबसे ज़्यादा प्यार मिलता है जिन्दगी उसी के साथ खिलती है,"The eldest daughter of the house gets the most love, but it is also true that the one who gets the most love, life plays with him the eldest daughter of the house gets the most, but it is also true that the mostLife gets more love, life plays with him, the eldest daughter of the house gets the most love, but it is also true that the one who gets the most love blooms with him","The eldest daughter of the house gets the most love, but it is also true that the one who gets the most love, life plays with him the eldest daughter of the house gets the most, but it is also true that the mostLife gets more love, life plays with him, the eldest daughter of the house gets the most love, but it is also true that the one who gets the most love blooms with him"
148.6K,22,11.4K,#🥺🥺🥺,https://cdn4.sharechat.com/33d5318_26f/audio/140d9e57_1732111784197.mp3?tenant=moj&referrer=audio-service&f=33d5318_26f/audio/140d9e57_1732111784197.mp3, सब कुछ मिल जाता है सिवा एक चीज के सच्चा प्यार,Everything is found except the true love of one thing,Everything is found except the true love of one thing
342.1K,362,65.6K,poster,https://cdn4.sharechat.com/33d5318_26f/audio/e198816_1729339461006.mp3?tenant=moj&referrer=audio-service&f=33d5318_26f/audio/e198816_1729339461006.mp3," पता है इनसान सब कुछ सेहन कर सकता है सब कुछ दुनिया की मार, अपनों की डाट, लड़ाई, जगड़े, रिजेक्शन्स पर पता है क्या नहीं सेहन कर सकता उसके किसी खास इनसान से लगाई हुए एक्स्टप्टेशन्स का तूट जाना","You know that a person can do everything, everything can be known on the world, the faults of the world, the fight, the jagade, the rejections, what cannot be done,","You know that a person can do everything, everything can be known on the world, the faults of the world, the fight, the jagade, the rejections, what cannot be done,"
312.5K,574,27.4K,I love you maa 😎☺😚.........,https://cdn4.sharechat.com/33d5318_26f/audio/506f20c_1724228984958.mp3?tenant=moj&referrer=audio-service&f=33d5318_26f/audio/506f20c_1724228984958.mp3, कि अ अ अ अ अ अ अ अ अ अ अ अ,That A A A A A A A A A A,That A A A A A A A A A A
12.5K,23,483,Takle 😂KI Shaadi 🤪😂 #factsvirals,https://cdn4.sharechat.com/33d5318_26f/audio/86f96c1_1729899403229.mp3?tenant=moj&referrer=audio-service&f=33d5318_26f/audio/86f96c1_1729899403229.mp3, देखो इस काले लड़के को आज लड़की वाले देखने आने वाले होते हैं और जैसे ही इसको यह पता चलता है तो यह तुरंत भाकर सैलून आ जाता है और नाई से कहता है भईया आप मेरे सर पर कैसे भी करके बाल और दाड़ी उगा दो जितना पैसा लगेगा मैं दूँगा यह सुनकर नाई को भी लालच आ जाता है और तुरंत इस टकले का सर मापने लगता है यहां तक की दाड़ी को मापता है इसके बाद इसके सर पर गुलू लगा कर बाल दाड़ी को चिपका देता है और कटिंग करके ऐसा कर देता है जो बिलकुल देखने में असली लग रहा था यह देखकर यह लड़का खुश हो जाता है चलो इस टकले को शादी के लिए बधाई दे दो लाइक कर दो,"Look, this black boy is going to see the girl today and as soon as he comes to know about it, it immediately comes to the salon and tells the barber, brother, how can you grow hair and beard as much as you do on my head.Hearing that I will give this, the barber also gets greed and immediately measures the head of this takle, even measures the beard, after this, by applying gulu on its head, the hair sticks the beard and cuts it and does it which is absolutelySeeing that it seemed real, this boy becomes happy, let's congratulate this tuck for the wedding, like it","Look, this black boy is going to see the girl today and as soon as he comes to know about it, it immediately comes to the salon and tells the barber, brother, how can you grow hair and beard as much as you do on my head.Hearing that I will give this, the barber also gets greed and immediately measures the head of this takle, even measures the beard, after this, by applying gulu on its head, the hair sticks the beard and cuts it and does it which is absolutelySeeing that it seemed real, this boy becomes happy, let's congratulate this tuck for the wedding."
58.9K,52,3.3K,poster,https://cdn4.sharechat.com/33d5318_26f/audio/1d2875d5_1730142478500.mp3?tenant=moj&referrer=audio-service&f=33d5318_26f/audio/1d2875d5_1730142478500.mp3, पहला तेरे नैन में देखे फिर देखे आते नूनी छेती आके मिल जा बीबा मिल जाया के मैं नूनी वस्वबार दिल हो गया,"The first was seen in your nain, then I am seen, Nuni Chheti Aa Mil Ja Biba Mill Jaya I am heartbroken","The first was seen in your nain, then I am seen, I am going to meet Nuni Chheti Aa Mil Jaya, I became a heart"
1.9K,1,81,poster,https://cdn4.sharechat.com/33d5318_26f/audio/8ba0a67_1710862491770.mp3?tenant=moj&referrer=audio-service&f=33d5318_26f/audio/8ba0a67_1710862491770.mp3, मेरे अपने ही लोगों ने मेरा दर्द न जाना था,My own people did not know my pain,My own people did not know my pain
19.6K,17,846,poster,,,,
225.1K,591,22.7K,poster,https://cdn4.sharechat.com/31623ca0_1705915193427.mp3?tenant=moj&referrer=audio-service&f=31623ca0_1705915193427.mp3, भाई भावी की फोटो मिल गई बेज रहा हूँ देख कर बता कैसी है,"I am sending a photo of brother -in -law, and tell me how it is","I am sending a photo of brother -in -law, and tell me how it is"
84.8K,42,20.6K,poster,https://cdn4.sharechat.com/33d5318_26f/audio/2a42f1d9_1730250638708.mp3?tenant=moj&referrer=audio-service&f=33d5318_26f/audio/2a42f1d9_1730250638708.mp3, चलो अच्छा है यार हम किसी को अच्छे नहीं लगते मेरे मरने के बाद कोई रोएगा तो नहीं,"Come on, it is good man, we do not like anyone, no one will cry after I die","Come on, it is good, no one likes anyone, if someone will cry after I die"
61.9K,56,17.7K,poster,https://cdn4.sharechat.com/33d5318_26f/audio/5d12162_1729340092205.mp3?tenant=moj&referrer=audio-service&f=33d5318_26f/audio/5d12162_1729340092205.mp3, जो हम पर वरोसा करता है हम उन्हें जान दे सकते हैं लेकिन दोखा नहीं,We can kill those who Varosa on us but not Dakha,We can kill those who Varosa on us but not Dakha
52K,101,8.4K,#NIVEASoftFashionChallenge #HappyChildrensDay #AayiNai #MeraRangDeBasantiChola #PaonKiJutti dhokebaj dhokebaj 25 ke,https://cdn4.sharechat.com/33d5318_26f/audio/1745d2f7_1730611248436.mp3?tenant=moj&referrer=audio-service&f=33d5318_26f/audio/1745d2f7_1730611248436.mp3, अजय को,To Ajay,To Ajay
35.2K,28,4.2K,😆😇😄😆,https://cdn4.sharechat.com/33d5318_26f/audio/1be1e1fd_1733561489044.mp3?tenant=moj&referrer=audio-service&f=33d5318_26f/audio/1be1e1fd_1733561489044.mp3," क्या लेकर आये थे, क्या लेकर जाओगे, मुझे मेसेज ना करके, कितना MB डाटा बचाओगे","What did you bring, what will you go, do not message me, how much MB will save me","What did you bring, what will you go, do not message me, how much MB will save me"
153.3K,76,17.3K,#TopGiftedVideos #trendingonmoj #payalmalik,https://cdn4.sharechat.com/33d5318_26f/audio/9f4667e_1721447507241.mp3?tenant=moj&referrer=audio-service&f=33d5318_26f/audio/9f4667e_1721447507241.mp3, प्रेसिडेशन प्रेसिडेशन,Presidential president,Presidential president
33.7K,81,2.5K,poster,https://cdn4.sharechat.com/33d5318_26f/audio/d74f843_1730126726694.mp3?tenant=moj&referrer=audio-service&f=33d5318_26f/audio/d74f843_1730126726694.mp3, पुम तो शायद जीलो,Pum perhaps,Pum perhaps
83.8K,26,10K,old song,https://cdn4.sharechat.com/33d5318_26f/audio/1ca29a0d_1730041228674.mp3?tenant=moj&referrer=audio-service&f=33d5318_26f/audio/1ca29a0d_1730041228674.mp3, हे हे हाँ हाँ ला ला ला ला ला ला,Hey yes yes yes la la la la la la la la,Hey yes yes yes la la la la la la la la
59.2K,43,15.8K,poster,https://cdn4.sharechat.com/33d5318_26f/audio/1f811ceb_1728870888280.mp3?tenant=moj&referrer=audio-service&f=33d5318_26f/audio/1f811ceb_1728870888280.mp3," तुम्हारी खुशी जिससे हो, तुम मुझसे बात कर सकती हो। और हाँ, जब तुम्हारा टाइम पास ना हो, तो मुझे इस पास ना रखें।","Which is your happiness, you can talk to me.And yes, when your time is not near, do not keep me near it.","Which is your happiness, you can talk to me.And yes, when your time is not near, do not keep me near it."
613K,804,52.4K,#3d #house,https://cdn4.sharechat.com/33d5318_26f/audio/1d256213_1729677930547.mp3?tenant=moj&referrer=audio-service&f=33d5318_26f/audio/1d256213_1729677930547.mp3, प्रस्तुति प्रस्तुति,Presentation presentation,Presentation presentation
16K,167,2.6K,follow me,https://cdn4.sharechat.com/2a0be080_1698408083620.mp3?tenant=moj&referrer=audio-service&f=2a0be080_1698408083620.mp3, Old flame का मतलब पुराना प्यार Red letter day का मतलब खुशी का दिन Blind date का मतलब किसी अंजान व्यक्ति से मिलना Buzzing friend का मतलब जिगरी दोस्त Fancy price का मतलब मुह मांगी कीमत Big gun का मतलब बहुत बड़ी पहुँच वाला आदमी ये sentence एडवांस अंग्रेजी के है ऐसे sentence बोलते वक्त आप बहुत smart लगोगे,"Old Flame means old love red letter day means pleasure day Blind Date means meeting an unknown person Buzzing Friend means Jiggeri friend fancy price means the meaning of Mouth, Big Gun means Big Gun means very big access man.You will look very smart while saying such sentence","Old Flame means old love red letter day means pleasure day Blind Date means meeting an unknown person Buzzing Friend means Jiggeri friend fancy price means the meaning of Mouth, Big Gun means Big Gun means very big access man.You will look very smart while saying such sentence"
153.1K,32,11.1K,👍👍💯,https://cdn4.sharechat.com/36206055_1698940132514.mp3?tenant=moj&referrer=audio-service&f=36206055_1698940132514.mp3, जिसने प्यार किया है उसका दर्द कोई ना बाटे,No one has saved the pain of the person who has loved,No one has saved the pain of the person who has loved
28.8K,40,27.5K,@_madhu1996 @sandhya_pahurkar #ItsMyStyle #TopGiftedVideos,https://cdn4.sharechat.com/33d5318_26f/audio/26aa0e5b_1733331952410.mp3?tenant=moj&referrer=audio-service&f=33d5318_26f/audio/26aa0e5b_1733331952410.mp3," कहां से तु आया, कहां जाएगा तु","Where did you come from, where will you go","Where did you come from, where will you go"
145K,62,23.7K,poster,https://cdn4.sharechat.com/33d5318_26f/audio/153c0cf2_1730480225454.mp3?tenant=moj&referrer=audio-service&f=33d5318_26f/audio/153c0cf2_1730480225454.mp3, सपले होते हैं अपने थे,There are supplements,There are supplements
120K,135,11.9K,#TrendingOnMoj,https://cdn4.sharechat.com/33d5318_26f/audio/2ad20190_1727680265714.mp3?tenant=moj&referrer=audio-service&f=33d5318_26f/audio/2ad20190_1727680265714.mp3, थोड़े काजू किश्मिश लेते चले सब थोड़ा थोड़ा लेते चले,"Taking a little cashew nuts, everyone kept taking a little bit","Taking a little cashew nuts, everyone kept taking a little bit"
10.4K,15,4.5K,🍁🍁🍁🍁🍁,https://cdn4.sharechat.com/33d5318_26f/audio/b7ac96b_1731044061866.mp3?tenant=moj&referrer=audio-service&f=33d5318_26f/audio/b7ac96b_1731044061866.mp3, दिवानों के जैसे करते हो,Do you like divans,Do you like divans
86.5K,132,9.1K,poster,https://cdn4.sharechat.com/33d5318_26f/audio/1821040b_1727086081851.mp3?tenant=moj&referrer=audio-service&f=33d5318_26f/audio/1821040b_1727086081851.mp3, लड़ो क्या खा रहा है? हगला मोजा हाँ? हगला मोजा दिखाओ ये क्या है? हगला मोजा पावे हज मोला होता है,"Fight what is eating?Hagla Moja Yes?Show Hagla Moja, what is this?Hagla Moja Paave Haj Mola","Fight what is eating?Hagla Moja Yes?Show Hagla Moja, what is this?Hagla Moja Paave Haj Mola"
185.9K,187,18.4K,poster,https://cdn4.sharechat.com/33d5318_26f/audio/13e65b4a_1727113550195.mp3?tenant=moj&referrer=audio-service&f=33d5318_26f/audio/13e65b4a_1727113550195.mp3, चाहने वाले कम हो जाएं तो चलेगा लेकिन जलने वालों की संख्या बढ़ती रहनी चाहिए,"If the fans are reduced, then the number of burns should continue to increase","If the fans are reduced, then the number of burns should continue to increase"
195.8K,78,12.5K,🥱😃 #FrameBizz,https://cdn4.sharechat.com/33d5318_26f/audio/20388aea_1708276953040.mp3?tenant=moj&referrer=audio-service&f=33d5318_26f/audio/20388aea_1708276953040.mp3, प्रेम प्रेम प्रेम प्रेम प्रेम प्रेम प्रेम प्रेम प्रेम प्रेम प्रेम प्रेम प्रेम प्रेम प्रेम प्रेम प्रेम प्रेम प्रेम प्रेम प्रेम प्रेम प्रेम प्रेम प्रेम प्रेम प्रेम प्रेम प्रेम प्रेम प्रेम प्रेम प्रेम प्रेम प्रेम प्रेम प्रेम �,Prem love love love love love love love love love love love love love love love love love love love love love love love love love love love love love love love love love love,Prem love love love love love love love love love love love love love love love love love love love love love love love love love love love love love love love love love
5.6K,2,747,poster,https://cdn4.sharechat.com/29623516_1664189055500.mp3?tenant=moj&referrer=audio-service&f=29623516_1664189055500.mp3, ना जमी होगी ना तू जगन होगा बदलें हर मौतम इन हवाओं में महची पिजाओं में शामिल रहेंगे हम,"Neither will you be frozen nor you will change every death, we will be involved in Mahachi Pizas in these winds","Neither will you be frozen nor you will change every death, we will be involved in Mahachi Pizas in these winds"
135.8K,163,14.1K,❤️❤️❤️❤️❤️,https://cdn4.sharechat.com/2f3f277f_1662369783883.mp3?tenant=moj&referrer=audio-service&f=2f3f277f_1662369783883.mp3," तुना जो कवेत मेरी ना से, हाँ � جो कवेत मेरी हाँ से, जिसकीन बात कोई ठाल को नहीं सकता हूँ, और कोई कोई मेरी मा से, मेरी मा मेरा रब, मेरी मा मेरा रब","Tuni Jo Kavet Meri Na, yes","Tuni Jo Kavet Meri Na, yes"
43.2K,36,4.1K,poster,https://cdn4.sharechat.com/33d5318_26f/audio/1d020a87_1731655401965.mp3?tenant=moj&referrer=audio-service&f=33d5318_26f/audio/1d020a87_1731655401965.mp3," पापा की परी नहीं बनना है, ना बनना है मुरैले की मोरनी, अबे उत्तर प्रदेश की लड़की है, अपने पापा की शेरनी","Papa is not to become an angel, neither to become a corecas, Abe is a girl from Uttar Pradesh","Papa is not to become an angel, neither to become a corecas, Abe is a girl from Uttar Pradesh"
74.3K,111,6.6K,poster,https://cdn4.sharechat.com/33d5318_26f/audio/280f7885_1732786057614.mp3?tenant=moj&referrer=audio-service&f=33d5318_26f/audio/280f7885_1732786057614.mp3, हमने जिसे चाहा उसने चाहा किसी और को खुदा करे जिसे वो चाहें वो भी चाहें किसी और को तेरी,"Whatever we wanted, he wanted someone else to God, whatever he wants, he will also want someone else","Whatever we wanted, he wanted someone else to God, whatever he wants, he will also want someone else"
9K,11,3.1K,❤❤❤❤❤❤❤❤ #TaubaTauba #MeraRangDeBasantiChola #DekhaTenu #TarasNiAayaTujhko #Zaalimaa,https://cdn4.sharechat.com/33d5318_26f/audio/164e0849_1730377481310.mp3?tenant=moj&referrer=audio-service&f=33d5318_26f/audio/164e0849_1730377481310.mp3, पदमों में तेरे मैं दो जहां वाले हूँ चैन मेरा ले लो खुशी मेरी ले लो,"In the Padams, I have my two, take peace, take me, take me happiness","In the Padams, I have my two, take peace, take me, take me happiness"
136.9K,46,9K,poster,https://cdn4.sharechat.com/33d5318_26f/audio/2fcac728_1730572848120.mp3?tenant=moj&referrer=audio-service&f=33d5318_26f/audio/2fcac728_1730572848120.mp3, दिखने वालों ने क्या क्या नहीं देखा होगा मेरा दावा है कि तुझे दिखने वालों ने क्या क्या नहीं देखा होगा,"What did not see what you have seen, I claim what you have not seen","What did not see what you have seen, I claim what you have not seen"
224K,191,15K,poster,https://cdn4.sharechat.com/33d5318_26f/audio/15700524_1730159551152.mp3?tenant=moj&referrer=audio-service&f=33d5318_26f/audio/15700524_1730159551152.mp3, बिकते नहीं यहां दिल ये इश्क की है मैफिल लगाओ ये फरेब की दुकान और कहीं मेरे जैसे तो मैफिल लगाओ,"Do not sell here, heart is love","Do not sell here, heart is love"
246.2K,174,24.6K,follow like share comment #aslam__1436,https://cdn4.sharechat.com/33d5318_26f/audio/1fdb039_1731380050906.mp3?tenant=moj&referrer=audio-service&f=33d5318_26f/audio/1fdb039_1731380050906.mp3," आप अपनी बेटी को बेटा कहकर बुला सकते एं, मगर भी आप को बेटी नहीं कह सकते, इसलिए बेटी Anmol होती है।","You can call your daughter as a son, but also you cannot call a daughter, so the daughter is anmol.","You can call your daughter as a son, but also you cannot call a daughter, so the daughter is anmol."
142.3K,100,6.7K,#TopGiftedVideos,https://cdn4.sharechat.com/33d5318_26f/audio/3195a6b8_1732199062040.mp3?tenant=moj&referrer=audio-service&f=33d5318_26f/audio/3195a6b8_1732199062040.mp3, निरे खबली खबली मैं ता सहर दिधन्दी शबनम हाँ गुल्शन का एतर चुड़ी,Nire Khabali Khabali I Ta Sahar Didhandi Shabnam yes,Nire Khabali Khabali I Ta Sahar Didhandi Shabnam yes
276.6K,251,21.6K,poster,https://cdn4.sharechat.com/33d5318_26f/audio/28de51f1_1728646438634.mp3?tenant=moj&referrer=audio-service&f=33d5318_26f/audio/28de51f1_1728646438634.mp3, आज आज,Today today,Today today
31.9K,49,3.1K,chota sa yek kam! #love  #song  #videos,https://cdn4.sharechat.com/33d5318_26f/audio/1eedb638_1730341611650.mp3?tenant=moj&referrer=audio-service&f=33d5318_26f/audio/1eedb638_1730341611650.mp3, छोटा सा तु मेरा एक काम कर दे तेरा सर नेम मेरे नाम कर दे,"You should do a small thing for me, do your head name to me","You should do a small thing for me, do your head name to me"
32.2K,44,2.7K,poster,https://cdn4.sharechat.com/24060546_1675267151222.mp3?tenant=moj&referrer=audio-service&f=24060546_1675267151222.mp3," तेनों दिल नार सदा लाके रखुँगा, खुशियां दाऊँगा पहरेदार हो गया","Teen dil will always keep the heart, happiness will be guarded","Teen dil will always keep the heart, happiness will be guarded"
94.5K,116,6K,poster,https://cdn4.sharechat.com/33d5318_26f/audio/166b59f7_1714610321750.m4a?tenant=moj&referrer=audio-service&f=33d5318_26f/audio/166b59f7_1714610321750.m4a, अड़ किसी डाढ़ी राखे पकड़ा सा छोरे मा गड़ में वादी,Adi -dadhi rakhe caught in a chick,Adi -dadhi rakhe caught in a chick
11.6K,5,529,poster,https://cdn4.sharechat.com/872eb9d_1668586343893.mp3?tenant=moj&referrer=audio-service&f=872eb9d_1668586343893.mp3, दोनों कहीं पे मिल जाएंगे एक दिन इन उम्मीदों पे ही मैं हूँ जिन्दा हर मन्जिल हासल हो,"Both will meet somewhere, one day I am alive on these expectations.","Both will meet somewhere, one day I am alive on these expectations."
91.6K,115,6.9K,poster,https://cdn4.sharechat.com/33d5318_26f/audio/15421473_1730529611754.mp3?tenant=moj&referrer=audio-service&f=33d5318_26f/audio/15421473_1730529611754.mp3, कोई तो राह वो होगी जो मेरे राह वो होगी,Someone will be the path that will be my path,Someone will be the path that will be my path
31.8K,38,2.9K,poster,https://cdn4.sharechat.com/f35a18_1607504604859.mp3?tenant=moj&referrer=audio-service&f=f35a18_1607504604859.mp3, हम दोनों कहीं पे मिल जाएंगे एक दिन इन उम्मीदों पे ही मैं हूँ जिन्दा हर मंज़ हास,"Both of us will meet somewhere, one day I am alive on these expectations","Both of us will meet somewhere, one day I am alive on these expectations"
13.1K,16,1.4K,poster,https://cdn4.sharechat.com/33d5318_26f/audio/2aec290d_1714551371001.m4a?tenant=moj&referrer=audio-service&f=33d5318_26f/audio/2aec290d_1714551371001.m4a," मैं तो कर लूँ सबर, माने दिल ना मगर, काशिब पहले से पता होता","I should do Sabar, Mane Dil Na Mar, Kashib would have known beforehand","I should do Sabar, Mane Dil Na Mar, Kashib would have known beforehand"
205.5K,79,17.8K,poster,https://cdn4.sharechat.com/33d5318_26f/audio/3359fe9_1729269861573.mp3?tenant=moj&referrer=audio-service&f=33d5318_26f/audio/3359fe9_1729269861573.mp3," जिन्दगी में हमेशा मेरी दो बात याद रहना पहला, कमाएगा तो खाएगा दूसरा, नहीं कमाएगा तो कलवा तो दिन पे दिन और कलाव तो जाएगा क्रीम पाउडर के पैसे कहां से लाएगा","Always remember my two things in life, first, if you earn, you will eat the second, if you do not earn, then Kalwa will go to day and Kalav to Kalav, where will the cream powder be brought from","Always remember my two things in life, first, if you earn, you will eat the second, if you do not earn, then Kalwa will go to day and Kalav to Kalav, where will the cream powder be brought from"
4.1K,6,183,poster,https://cdn4.sharechat.com/784434_1700184307672.mp3?tenant=moj&referrer=audio-service&f=784434_1700184307672.mp3, बनके हवा मैं बेजुबा मैं दिल लगाने आँगा रातों को तेरा छाद बनके,"In the air, I will be heartbroken in the air","In the air, I will be heartbroken in the air"
3.7K,14,388,poster,https://cdn4.sharechat.com/33d5318_26f/audio/39144f44_1733124068465.mp3?tenant=moj&referrer=audio-service&f=33d5318_26f/audio/39144f44_1733124068465.mp3, आप कौन हैं? मैं वहाँ थीन्य। मेरे ज्वाल में वहीन्य।,Who are you?I the thein there.Intraine in my volcano.,Who are you?I the thein there.Intraine in my volcano.
66.6K,56,8.1K,poster,https://cdn4.sharechat.com/33d5318_26f/audio/2b7d346_1733947965280.mp3?tenant=moj&referrer=audio-service&f=33d5318_26f/audio/2b7d346_1733947965280.mp3, जो लोग सुबह लेट उठते हैं वो आलसी नहीं होते उनके सपने बड़े होते हैं देखने में टाइम लगता है बाई,"Those who get up late in the morning are not lazy, their dreams are big, it takes time to see Bai","Those who get up late in the morning are not lazy, their dreams are big, it takes time to see Bai"
58.4K,20,3.3K,thank you 🙏please Sapot♥️..,https://cdn4.sharechat.com/bbcc118_1675189340644.mp3?tenant=moj&referrer=audio-service&f=bbcc118_1675189340644.mp3, बिखरा हुआ था काच के जैसा छूली,Was scattered like Kach,Was scattered like Kach
105.2K,188,14.4K,❤️❤️❤️❤️,https://cdn4.sharechat.com/33d5318_26f/audio/35cdbd22_1730862127857.mp3?tenant=moj&referrer=audio-service&f=33d5318_26f/audio/35cdbd22_1730862127857.mp3, ये जिन्दगान तेरे हवाने कर दिये,This life gave you to you,This life gave you to you
62.5K,97,2.6K,poster,https://cdn4.sharechat.com/33d5318_26f/audio/21e3f54d_1730369080205.mp3?tenant=moj&referrer=audio-service&f=33d5318_26f/audio/21e3f54d_1730369080205.mp3, कि आपकी प्रदान पर देख रहा है कि आप इस प्रेसिडेंट को ने फोन पर दिया था कि आप इस प्रेसिडेंट को ने फोन पर दिया था,It is seen on your provision that you gave this president on the phone that you gave this president on the phone.,It is seen on your provision that you gave this president on the phone that you gave this president on the phone.
63.6K,59,11.5K,poster,https://cdn4.sharechat.com/33d5318_26f/audio/2db04d12_1729658048623.mp3?tenant=moj&referrer=audio-service&f=33d5318_26f/audio/2db04d12_1729658048623.mp3, हम दिवाने हैं पेश करें,We are crazy,We are crazy
15.9K,30,3K,poster,https://cdn4.sharechat.com/33d5318_26f/audio/36c32cae_1728604830315.mp3?tenant=moj&referrer=audio-service&f=33d5318_26f/audio/36c32cae_1728604830315.mp3, कि अ,That a,That a
126.2K,162,25.9K,#🌼🏵️🍁🌺🌺🙏🌹🌹🌸💐🌷💮💮💮😄🌻🙏🙏🙏🙏🙏🙏🙏,https://cdn4.sharechat.com/33d5318_26f/audio/30396065_1732862898031.mp3?tenant=moj&referrer=audio-service&f=33d5318_26f/audio/30396065_1732862898031.mp3, अपने वर्डसप पे स्टेटस लगाया करो ताकि जो तुमसे जलते हैं ना उनकी,Apply a status on your Wordsap so that those who burn you,Apply a status on your Wordsap so that those who burn you
55.9K,23,10.7K,#khud #itna #badal #dunga #ki #🙏😔💔😔🙏💔log,https://cdn4.sharechat.com/33d5318_26f/audio/140a11f6_1730717644098.mp3?tenant=moj&referrer=audio-service&f=33d5318_26f/audio/140a11f6_1730717644098.mp3, रात भर बसे राहे,Nestlings overnight,Nestlings overnight
277.8K,218,28.2K,#baby #babyreels #reels #reelsinstagram #instagood #instadaily #instagram #dubaibaby #cutebaby #babiesofinstagram #babies #hudafatyma_world #music #song,https://cdn4.sharechat.com/33d5318_26f/audio/2ffd92cc_1732502495814.m4a?tenant=moj&referrer=audio-service&f=33d5318_26f/audio/2ffd92cc_1732502495814.m4a, कौन कहता है कि बेटी ये बोज होती हैं? मेरी बेटी घर की रोनक है,Who says the daughter is these boys?My daughter is home,Who says the daughter is these boys?My daughter is home
8.9K,33,904,#NIVEASoftPerformerChallenge #ItsMyStyle #TopGiftedVideos,https://cdn4.sharechat.com/33d5318_26f/audio/383490e6_1731926065081.mp3?tenant=moj&referrer=audio-service&f=33d5318_26f/audio/383490e6_1731926065081.mp3, अजय को अजय को अजय को,Ajay gets Ajay to Ajay,Ajay gets Ajay to Ajay
223.4K,185,38K,poster,https://cdn4.sharechat.com/1e2b6fa6_1655955437234.mp3?tenant=moj&referrer=audio-service&f=1e2b6fa6_1655955437234.mp3," जागे जागे रहते थे, खोए खोए रहते थे, करते थे प्यार की बातें, कभी तनहाई में, कभी पुरवाई में होती थी","Waking up, he used to stay awake, lost lost, used to talk of love, sometimes in lonely, sometimes in Puravai","Waking up, he used to stay awake, lost lost, used to talk of love, sometimes in lonely, sometimes in Puravai"
69.7K,65,9K,"It is the life 
 #motiv-motive 
 #moj @moj",https://cdn4.sharechat.com/33d5318_26f/audio/2e2ef762_1714195757068.m4a?tenant=moj&referrer=audio-service&f=33d5318_26f/audio/2e2ef762_1714195757068.m4a, मिट्टी से बने हैं मिट्टी में मिल जाएंगे रोते हुए आये थे रुलाते हुए छोड़ जाएंगे,"Made of mud, you will meet in the soil and come crying, they will leave and leave","Made of mud, you will meet in the soil and come crying, they will leave and leave"
136K,13,12.5K,poster,https://cdn4.sharechat.com/33d5318_26f/audio/14830169_1732258092889.mp3?tenant=moj&referrer=audio-service&f=33d5318_26f/audio/14830169_1732258092889.mp3," पैसा कितना भी गिर जाए, पर इतना कभी नहीं गिरता, जितना इंसान पैसों के लिए गिरता है","No matter how much money falls, but never falls so much as a person falls for money","No matter how much money falls, but never falls so much as a person falls for money"
46.7K,20,2.6K,🤣🤣🤣🤣,https://cdn4.sharechat.com/33d5318_26f/audio/7074fea_1734675062080.mp3?tenant=moj&referrer=audio-service&f=33d5318_26f/audio/7074fea_1734675062080.mp3, इस विशेष पर प्रशान नहीं रहा है।,This special has not been praised.,This special has not been praised.
20.3K,7,4.9K,eatityud #TrendingOnMoj,https://cdn4.sharechat.com/33d5318_26f/audio/2e02c709_1733828147261.mp3?tenant=moj&referrer=audio-service&f=33d5318_26f/audio/2e02c709_1733828147261.mp3, अगर कभी आपका कोई कपड़ा फट जाए तो उसे फेंकने की बजाए सबसे पहले आपको उस फटी हुई जगह के चारों तरफ वीडियो में दिखाए गए तरीके से एक स्टार बनाना है। उसके बाद उस स्टार के अंदर जो खाली जगह है उसे आपने सील देना है। इतना करने के बाद आपका फटा हुआ कपड़ा पहनने लायक बन जाएगा।,"If you ever burst a cloth, instead of throwing it, first you have to make a star shown in the video around that torn place.After that, you have to seal the empty space inside that star.After doing this, your torn cloth will become worth wearing it.","If you ever burst a cloth, instead of throwing it, first you have to make a star shown in the video around that torn place.After that, you have to seal the empty space inside that star.After doing this, your torn cloth will become worth wearing it."
18.1K,5,3K,"I love you 💗💗 
I miss you 🥺😙 
 #loveu #loveu #kiss #cutecouple",https://cdn4.sharechat.com/33d5318_26f/audio/24f830ba_1734797553680.m4a?tenant=moj&referrer=audio-service&f=33d5318_26f/audio/24f830ba_1734797553680.m4a, नजरना,Ignore,Ignore
118.5K,46,8.9K,#,https://cdn4.sharechat.com/33d5318_26f/audio/300f019e_1731036762950.mp3?tenant=moj&referrer=audio-service&f=33d5318_26f/audio/300f019e_1731036762950.mp3, कर दो कर दो कर दो कर दो कर दो कर दो,"Do two tax two tax, do two tax","Do two tax two tax, do two tax"
221.6K,307,30.6K,poster,https://cdn4.sharechat.com/33d5318_26f/audio/251af789_1728432744135.mp3?tenant=moj&referrer=audio-service&f=33d5318_26f/audio/251af789_1728432744135.mp3, तूने दिल के रखी पोशंद मेरे,You put my heart in my heart,You put my heart in my heart
268,1,16,poster,https://cdn4.sharechat.com/33d5318_26f/audio/36096755_1734975178277.mp3?tenant=moj&referrer=audio-service&f=33d5318_26f/audio/36096755_1734975178277.mp3, प्रस्तुति प्रस्तुति प्रस्तुति प्रस्तुति प्रस्तुति प्रस्तुति प्रस्तुति प्रस्तुति प्रस्तुति प्रस्तुति प्रस्तुति प्रस्तुति प्रस्तुति प्रस्तुति प्रस्तुति प्रस्तुति प्रस्तुति प्रस्तुति प्रस्तुति प्रस्तुति प्,Presentation Presentation Presentation Presentation Presentation Presentation Presentation Presentation Presentation Presentation Presentation Presentation Presentation Presentation Presentation Presentation Presentation Presentation Presentation Presentation Presentation Presentation Presentation Presentation Presentation,Presentation Presentation Presentation Presentation Presentation Presentation Presentation Presentation Presentation Presentation Presentation Presentation Presentation Presentation Presentation Presentation Presentation Presentation Presentation Presentation Presentation Presentation Presentation Presentation Presentation
1.4K,2,231,dst🥰🥰,https://cdn4.sharechat.com/33d5318_26f/audio/e34f279_1730270472539.mp3?tenant=moj&referrer=audio-service&f=33d5318_26f/audio/e34f279_1730270472539.mp3, जीवन आसन नहीं है मेरे दोस्त ज्यादा बात करो तो पागल कम बात करो तो वमंडी काम की बात करो तो मतलबी,"Life is not a posture, my friends talk more, if you talk crazy, then talk about the work of the work.","Life is not a posture, my friends talk more, if you talk crazy, then talk about the work of the work."
149.9K,124,18K,💯🖤🥀 #mdsa #mdsalman9006 #mdsalman1475 #moj #gitex #hijab #moi-moj-moj-moj-moj_+mojl--mojl-+moji-moj-mojj-moja??…momj-moji-mojj-moja?mojb??moj।mojp⁸mojp⁸mojು,https://cdn4.sharechat.com/33d5318_26f/audio/2a4d48a6_1730435754224.mp3?tenant=moj&referrer=audio-service&f=33d5318_26f/audio/2a4d48a6_1730435754224.mp3, गरीब घरों में भी रिष्टे कीजे साहेब खुदा की कसम बड़े सलीके से रहती हैं गरीब घर की बेटियां,"Even in poor houses, Kije Saheb Khuda's swears lives very well, daughters of poor house","Even in poor houses, Kije Saheb Khuda's swears lives very well, daughters of poor house"
6.2K,11,1.1K,poster,https://cdn4.sharechat.com/cea8ca0_1662323318340.mp3?tenant=moj&referrer=audio-service&f=cea8ca0_1662323318340.mp3, अभी जिन्दा हूँ तो बात कर लिया करो अगर मरने के बाद मैंने बात करने शुरू कर दी ना ताबीज बनवाते फिरोगे,"If I am alive now, then talk, if I started talking after dying, you will not make amulets.","If I am alive now, then talk, if I started talking after dying, you will not make amulets."
89.4K,58,13.7K,poster,https://cdn4.sharechat.com/bb120b1_1690956014950.mp3?tenant=moj&referrer=audio-service&f=bb120b1_1690956014950.mp3, बिना तेरे कोई दिल कर्ष नजारा हम न देखेंगे तुम्हे न हो पसंद उसको दुबारा हम न देखेंगे,"We will not see you without any heart, you will not like it again, we will not see it again","We will not see you without any heart, you will not like it again, we will not see it again"
67.9K,46,20.2K,poster,https://cdn4.sharechat.com/33d5318_26f/audio/54059be_1732442396681.mp3?tenant=moj&referrer=audio-service&f=33d5318_26f/audio/54059be_1732442396681.mp3, ओई मेरी क्यूट सी जान खाना वना खा लिया या मैं खिला नहीं आओ,"Oi my cute life, eaten food or i don't feed","Oi my cute life, eaten food or i don't feed"
10K,11,1.7K,#NIVEASoftPerformerChallenge #ItsMyStyle #NIVEASoftBeautyChallenge #HappyChildrensDay #TopGiftedVideos #AayiNai #MeraRangDeBasantiChola #TaubaTauba #DekhaTenu #Zaalimaa,https://cdn4.sharechat.com/33d5318_26f/audio/103d1b6_1730547979586.mp3?tenant=moj&referrer=audio-service&f=33d5318_26f/audio/103d1b6_1730547979586.mp3, या या या या या या या या या या या या या या या या या या या या या या या या या या या या या या या या या या या या या या या या या या या या या या या या या या या या या या या या या या या या या या या या या या या या या या या या या या �,"Or or or or or or or or or or or or or or or or or or or or or or or or or or or or or or or or or or or or or or or or or or or or or or or or or or or or or or or or or or or or or or or or or or or or or or or or or or or or or not,Or or or or or or or or or or or or or or or or or or or or or or or or or or or or or or or or or or or or or �","Or or or or or or or or or or or or or or or or or or or or or or or or or or or or or or or or or or or or or or or or or or or or or or or or or or or or or or or or or or or or or or or or or or or or or or or or or or or or or not,Or or or or or or or or or or or or or or or or or or or or or or or or or or or or or or or or or or or or or �"
179.8K,1.3K,10.8K,Harshit kumar,https://cdn4.sharechat.com/33d5318_26f/audio/305b63ec_1730108132094.mp3?tenant=moj&referrer=audio-service&f=33d5318_26f/audio/305b63ec_1730108132094.mp3, ये मेरी भाँजी है और मैं उसकी खाला हूँ देख सकते हैं हम दोलो सेम सेम हैं कोई बता सकता है कि हम लोग भाँजी और खाला है,"This is my niest and I can see that we can see that we are a couple beans, someone can tell that we are niece and well","This is my niest and I can see that we can see that we are a couple beans, someone can tell that we are niece and well"
18.1K,22,806,संतोष पागल नहीं 😄,https://cdn4.sharechat.com/33d5318_26f/audio/161a1b36_1727096616881.mp3?tenant=moj&referrer=audio-service&f=33d5318_26f/audio/161a1b36_1727096616881.mp3, संतोष पागल नाई वन पुझे जादा तुछी राई उड़न बाज हो ता पुझली हम और दोहम हाई रांगा बाज हो तु जानत हुआ कि हम ग्रेडे पाउल नहीं कि अ,Santosh Pagal Nai Van Pujhe Jada Jada Tuchi Rai Udan Baj Ho Ta Pujhli Hum and Doham High Ranga Baj Ho Tu Know that we are not Grade Paul,Santosh Pagal Nai Van Pujhe Jada Jada Tuchi Rai Udan Baj Ho Ta Pujhli Hum and Doham High Ranga Baj Ho Tu Know that we are not Grade Paul
32.5K,19,1.7K,#waterpark,https://cdn4.sharechat.com/33d5318_26f/audio/1c994144_1719047914567.mp3?tenant=moj&referrer=audio-service&f=33d5318_26f/audio/1c994144_1719047914567.mp3, आज बिल है पानी पानी पानी पानी पानी पानी पानी और तुम भी सानी सानी सानी सानी सानी सानी सानी आजाओ,Today the bill is the bill water water water water,Today the bill is the bill water water water water
23.5K,14,910,poster,https://cdn4.sharechat.com/1047342c_1626771462148.mp3?tenant=moj&referrer=audio-service&f=1047342c_1626771462148.mp3, तो मेरे भैया तो,So my brother,So my brother
75.1K,64,5.3K,#romanticsongs,https://cdn4.sharechat.com/33d5318_26f/audio/35318dfc_1731998689984.mp3?tenant=moj&referrer=audio-service&f=33d5318_26f/audio/35318dfc_1731998689984.mp3, जिन्दगी मात ना बन जाए सम्हालो यारों खो रहा चैनो अमन,"Life does not become a mother, you are losing your friends and peace","Life does not become a mother, you are losing your friends and peace"
115.1K,10,5.9K,👍👍,https://cdn4.sharechat.com/33d5318_26f/audio/16fd3adf_1721399106273.mp3?tenant=moj&referrer=audio-service&f=33d5318_26f/audio/16fd3adf_1721399106273.mp3," एना भी ना डोप शोप मारेया करो, साथनु एव केना ना किचाडेया करो, साथे लिखे खतनो ना पाडेया करो, नाहीं दूचे मुझ्डेयानु एदा ताडेया करो",Ana na bhi na dope shop,Ana na bhi na dope shop
84.9K,139,19.2K,#NIVEASoftBeautyChallenge #ShubhDhanTeras #TopGiftedVideos #Zaalimaa,https://cdn4.sharechat.com/33d5318_26f/audio/387f8a45_1730575036614.mp3?tenant=moj&referrer=audio-service&f=33d5318_26f/audio/387f8a45_1730575036614.mp3, सुट करे चासा मा करिया तुला गेलो दड़िया मैं बढ़िया,Sut kare chasa ma karia tula gelo dadia,Sut kare chasa ma karia tula gelo dadia
35.7K,72,2.9K,poster,https://cdn4.sharechat.com/33d5318_26f/audio/c71e48_1722506176966.mp3?tenant=moj&referrer=audio-service&f=33d5318_26f/audio/c71e48_1722506176966.mp3, दाई ये न छोड़ करके दाई मारता लेकिन छोड़ दे ले छोड़ दे ले,The midwife would not leave it and kill the midwife but leave it,The midwife does not leave it and kill the midwife but leave it
167.1K,160,8.3K,poster,https://cdn4.sharechat.com/d8685b4_1670301308326.mp3?tenant=moj&referrer=audio-service&f=d8685b4_1670301308326.mp3, अब देखे बिन तुझे ना गुदा,Now see without you no anal,Now see without you no anal
124.4K,207,14.5K,# # # #,https://cdn4.sharechat.com/33d5318_26f/audio/2f7ac29a_1732903493367.mp3?tenant=moj&referrer=audio-service&f=33d5318_26f/audio/2f7ac29a_1732903493367.mp3, अपनी मुझको दर्गणों में त्रंच पाकि रखना चाहतों को दिखाओ,Show me the desire to keep me in the world,Show me the desire to keep me in the world
52.6K,28,7K,poster,https://cdn4.sharechat.com/33d5318_26f/audio/1864c14a_1729623708088.mp3?tenant=moj&referrer=audio-service&f=33d5318_26f/audio/1864c14a_1729623708088.mp3, मुँ संभाल के बात करा करो जुबान अपनी भी बत्तमीज है अपने और पराए में फरक नहीं देखती,"Talk about the hand handle, the tongue is also a mess",
60.6K,61,6.4K,poster,https://cdn4.sharechat.com/33d5318_26f/audio/37907efe_1734525609696.mp3?tenant=moj&referrer=audio-service&f=33d5318_26f/audio/37907efe_1734525609696.mp3," साइड में अच्छे हैं, मैडम को आने दिजे, आईए मैडम, आईए, चलिए, टेक इट इजी, टेक इजी, साइलेंस","There are good on the side, let Madam come","There are good on the side, let Madam come"
23.8K,7,4K,#😅😅😁😄😃😀,https://cdn4.sharechat.com/33d5318_26f/audio/14262fc9_1734834379980.m4a?tenant=moj&referrer=audio-service&f=33d5318_26f/audio/14262fc9_1734834379980.m4a, कि वर्ष कि वर्ष,That year of year,That year of year
56.1K,133,1.6K,poster,https://cdn4.sharechat.com/19e4ab53_1628829504829.mp3?tenant=moj&referrer=audio-service&f=19e4ab53_1628829504829.mp3, इस लाल को मैं कैजे करूँ तेरे हवाले ये चांद तो देता है जमाने को जाले इस चांद की पोशाक सितारों से सजालू है मौत ठहर जा है मौत ठहर जा मैं अपने जवा लाल को दूरा को बनालू देखे थे बहुत खाव मगर ख़क हुए सब इस पेटे के सहरे की,"I will be handed over to this red, this moon gives you this moon, the dress of this moon is decorated with the stars, death is stopSahare ki","I will be handed over to this red, this moon gives you this moon, the dress of this moon is decorated with the stars, death is stopSahare ki"
8.5K,16,329,😂😂😂😂,https://cdn4.sharechat.com/33d5318_26f/audio/349fe804_1734034001574.mp3?tenant=moj&referrer=audio-service&f=33d5318_26f/audio/349fe804_1734034001574.mp3, पूले चूरिया पूले ने ज़रा खाले लो ताई ने ज़रा खाले लो,Polay Churia Pule took a little bit of Tai,Polay Churia Pule took a little bit of Tai
15.6K,3,1.2K,😓 #moj #viral,https://cdn4.sharechat.com/33d5318_26f/audio/278ea50b_1732261629263.mp3?tenant=moj&referrer=audio-service&f=33d5318_26f/audio/278ea50b_1732261629263.mp3, अपने समय वाले विवाल पेटादे,Vywal Petade with his time,Vywal Petade with his time
42.7K,47,2.4K,Wait for end _  _ _trending _viral _dance _trending(1080P_HD),https://cdn4.sharechat.com/33d5318_26f/audio/3824e10_1728733688936.mp3?tenant=moj&referrer=audio-service&f=33d5318_26f/audio/3824e10_1728733688936.mp3, अजय को आपको आज दिया मैं मार दिया तेरी सूरत बोड़ी ने मार दिया मैं मार दिया तेरी सूरत,"Gave Ajay to you today, I killed you, your face Bodi killed you","Gave Ajay to you today, I killed you, your face Bodi killed you"
20.6K,7,769,poster,https://cdn4.sharechat.com/33d5318_26f/audio/d7f01c9_1728312210373.mp3?tenant=moj&referrer=audio-service&f=33d5318_26f/audio/d7f01c9_1728312210373.mp3, कुन कहता है संगत का असर बुरा होता है मैं तो तुम जी ऐसे पापियों के साथ रहके भी सरीब हूँ,"Kun says that the effect of Sangat is bad, I am also in the face of living with such sinners.","Kun says that the effect of Sangat is bad, I am still in the same way with such sinners."
113.9K,83,13.6K,poster,https://cdn4.sharechat.com/33d5318_26f/audio/640a9c7_1729486769654.mp3?tenant=moj&referrer=audio-service&f=33d5318_26f/audio/640a9c7_1729486769654.mp3, तु मुझे छोड़ कर जहां जाता है उस जग़ा को घर बुलाता है एक बनजारन तेरे प्यार में पागल है उसका ख्याल तुझे क्यों नहीं रुलाता है,Where do you leave me and call that jag home.,Where do you leave me and call that jag home.
198.4K,224,16.9K,poster,https://cdn4.sharechat.com/33d5318_26f/audio/575f3b1_1732986714373.mp3?tenant=moj&referrer=audio-service&f=33d5318_26f/audio/575f3b1_1732986714373.mp3, चाय वलचाय खोली सी सूरत आँखों में मस्ती दूर खड़ी शर्माई आई हाई काली सी सूरत हाथ में किटली दूर खड़ा चिलाई चाय चाय हुँ की बड़ी,Tea Valachaya Kholi Surat Eyes Standing Fun Sheds away,Tea Valachaya Kholi Surat Eyes Standing Fun Sheds away
23.7K,28,1.2K,suraj bhai #comed #viral #video,https://cdn4.sharechat.com/33d5318_26f/audio/351dd6d_1714701267037.m4a?tenant=moj&referrer=audio-service&f=33d5318_26f/audio/351dd6d_1714701267037.m4a, ए बाजीज मेरा दरोजे हम तेरे बिना अब रह नहीं सकते तेरे बिना क्या वजूद मेरा है कोई रोटी आटा,"A Bajee Mey Bandi, we can't live without you now, without you, what is my existence, there is any roti flour","A Bajee Mey Bandi, we can't live without you now, without you, what is my existence, there is any roti flour"
34.2K,34,1.6K,poster,https://cdn4.sharechat.com/3d9adca_1669188546826.mp3?tenant=moj&referrer=audio-service&f=3d9adca_1669188546826.mp3, अजय को यह रूप तू तरफ तू तरफ तरफ तरफ तू पहले बेट बेट आओ रूप तू तू तू तरफ तू तरफ तरफ तू पेट पेट कि तू इधर आप अच्छा शीघ्र अब पूर्व अपने प्रशिक्षा ने कर दो,"Ajay to Ajay, you are the first side, you are the first son, come, you are you, you are stomach on the side, you should do it well now, now you do your training before you","Ajay to Ajay, you are the first side, you are the first son, come, you are you, you are stomach on the side, you should do it well now, now you do your training before you"
166.3K,347,16.4K,Rk love 💕💕💕,https://cdn4.sharechat.com/33d5318_26f/audio/34f8047c_1721542358376.mp3?tenant=moj&referrer=audio-service&f=33d5318_26f/audio/34f8047c_1721542358376.mp3, चाल कोफी पिवाएंगे मने चाँ पसंद है गाम मैं लैट को नियान दी तार्या की छाम पसंद है विस्तरे मखमल के नि मिलते सराने की जगा तरी बाप पसंद है चाल चंडिगड गमाल आउं चंडिगड मैं तो बोधराली मने तरा गाम पसंद है,"Chal kofi piva will be liked by me, I like Gam, I like to Nian Di Tariya's Cham Chham like Kistare Veta Nai Meeta Sarane Jaga Tari Father likes Father like Chandigad Gamal and Chandigad I like I like you","Chal kofi piva will be liked by me, I like Gam, I like to Nian Di Tariya's Cham Chham like Kistare Veta Nai Meeta Sarane Jaga Tari Father likes Father like Chandigad Gamal and Chandigad I like I like you"
90.3K,57,17.6K,poster,https://cdn4.sharechat.com/33d5318_26f/audio/25d54528_1733656910055.mp3?tenant=moj&referrer=audio-service&f=33d5318_26f/audio/25d54528_1733656910055.mp3, हैपी है तुनियार बोलो ना माई,Happy is Tuniyar Bol Na Mai,Happy is Tuniyar Bol Na Mai
32.1K,54,8.7K,poster,https://cdn4.sharechat.com/33d5318_26f/audio/3a8490a8_1711219294421.mp3?tenant=moj&referrer=audio-service&f=33d5318_26f/audio/3a8490a8_1711219294421.mp3, तुमने दिया जो तोपा मुझे जदाई का बन गया साथी,You gave me a partner of speech,You gave me a partner of speech
135.2K,79,25.1K,poster,https://cdn4.sharechat.com/34ef4182_1703661936193.mp3?tenant=moj&referrer=audio-service&f=34ef4182_1703661936193.mp3, हैती है तुनियर बोलो ना माई डियर चलो ना एशकर,Haiti Hai Tunier Bol Na Mai Dear Chalo Na Ashkar,Haiti Hai Tunier Bol Na Mai Dear Chalo Na Ashkar
16.4K,9,4.3K,💯💯👍,https://cdn4.sharechat.com/33d5318_26f/audio/b9565b0_1730140742893.mp3?tenant=moj&referrer=audio-service&f=33d5318_26f/audio/b9565b0_1730140742893.mp3, वक्त दिखाई नहीं �,Time is not visible,Time is not visible
25.3K,15,3.5K,🥰🥰🥰🥰,https://cdn4.sharechat.com/33d5318_26f/audio/1007f47b_1731941322354.mp3?tenant=moj&referrer=audio-service&f=33d5318_26f/audio/1007f47b_1731941322354.mp3," चान से पहरी चाननी, चाननी से पहरी रात, रात से पहरी जि farmerी और जिन्दगी से पहरी मेरी बहन","Channi from Chani to Channi, Channi from night, night from night farmer and my sister from life","Channi from Chani to Channi, Channi from night, night from night farmer and my sister from life"
13.1K,19,1.7K,#AayiNai 🥰🥰🥰🥰🥰🥰,https://cdn4.sharechat.com/33d5318_26f/audio/10898687_1731033382714.mp3?tenant=moj&referrer=audio-service&f=33d5318_26f/audio/10898687_1731033382714.mp3, कल मेरा नेटपैक खतम होने वाला है इस वीडियो को इतना सहर करो कि कोई भला आगनी मेरा रिचार्ज करवा दे,"Tomorrow my netpack is going to end, so let me so so that someone can get me recharged.","Tomorrow my netpack is going to end, so let me so so that someone can get me recharged."
6.9K,5,3.1K,good morning yaar,https://cdn4.sharechat.com/33d5318_26f/audio/351602e2_1722393043582.mp3?tenant=moj&referrer=audio-service&f=33d5318_26f/audio/351602e2_1722393043582.mp3," सुबह के सूरज के साथ तेरी याद आगे, तेरा मैसेज तो आएगा नहीं, सोचा मैं ही तुझे कह देता हूँ, गुड मॉर्निंग यार","Your memory with the morning sun, your message will not come, I thought I will tell you, good morning man","Your memory with the morning sun, your message will not come, I thought I will tell you, good morning man"
13.1K,9,2.2K,"Ranjhna Ve ❣️....😇💝❤️‍🩹 Follow for more reels👈
. 
. 
. 
. 
Follow me for reels:-(@its_video_editor_06) 

. 

Make reel with virel (100k) 

. 

Ignore tags ☺

. 

Lyrics song

. 

Aeshetic dark reels 👀

. 

#dark

#darkness

#gothic

#goth

#nighttime

#sad

#musiclyric

#music 

#lyrics 

#songlyrics 

#song 

#love 

#lyricsvideos

#musicvideo

#explorepage

#lyricsedits 

#quotes 

#explore 

#ʟʏʀɪᴄsᴠɪᴅᴇᴏ 

#lyricedit 

#lyricedits 

#musiclover 

#songedits 

#edits 

#musiclife 

#itsvideoeditor06 

#lyricsquotes 

#art 

#musician 

#musicquotesforeveryday🎈",https://cdn4.sharechat.com/33d5318_26f/audio/33df73f0_1732709300315.mp3?tenant=moj&referrer=audio-service&f=33d5318_26f/audio/33df73f0_1732709300315.mp3, पूछे बाते हर घड़ी खाबों से ये राते मेरी तुझसे क्या है मेरा नाता,Ask you what is my relationship with you every moment,Ask you what is my relationship with you every moment
1.2K,Comment,192,Bad girl 🥺🥺🥺🥺💔💔💔💔,https://cdn4.sharechat.com/33d5318_26f/audio/24ccf385_1728204000445.mp3?tenant=moj&referrer=audio-service&f=33d5318_26f/audio/24ccf385_1728204000445.mp3, चैमरामैन फुकस करो इस्ता की राणी आ रही है,Chamaraman Fukas Karo Rani is coming,Chamaraman Fukas Karo Rani is coming
1.6K,Comment,216,♥️♥️sad ♥️♥️,https://cdn4.sharechat.com/33d5318_26f/audio/465f238_1714214151922.m4a?tenant=moj&referrer=audio-service&f=33d5318_26f/audio/465f238_1714214151922.m4a, किसी ने फूल से पूछा कि जब तुम्हे तोड़ा गया तो क्या तुम्हे दर्द नहीं हुआ तो फूल ने बहुत ही खुबसूरत जवाब दिया कि तोड़ने वाला इतना खुश था कि मैं सारे दर्दी भूल गया,"Somebody asked the flower that when you were broken, did you not have pain, then the flower gave a very beautiful answer that the breaking was so happy that I forgot all the dars.","Somebody asked the flower that when you were broken, did you not have pain, then the flower gave a very beautiful answer that I was so happy that I forgot all the scars."
32.5K,23,913,poster,https://cdn4.sharechat.com/33d5318_26f/audio/2f6b9a7c_1714209642865.m4a?tenant=moj&referrer=audio-service&f=33d5318_26f/audio/2f6b9a7c_1714209642865.m4a, पेना दिखेवा,Pena look,Pena look
40.2K,128,2.3K,😚♥️😘 #꧁goodmornig 🌄☕⚘,https://cdn4.sharechat.com/33d5318_26f/audio/39974a6b_1734585570444.mp3?tenant=moj&referrer=audio-service&f=33d5318_26f/audio/39974a6b_1734585570444.mp3, बिबी नेरे बटे पे तुम क्या दिलगाओगे देख पहो जाएगा खाली हाथ जवाओगे रो तक ते तेरा सूट सूट,Bibibi nere batte pe kya dilgao will see you will come empty -handed,Bibibi nere batte pe kya dilgao will see you will come empty -handed
75.8K,83,15.7K,poster,https://cdn4.sharechat.com/33d5318_26f/audio/6653e23_1732168759736.mp3?tenant=moj&referrer=audio-service&f=33d5318_26f/audio/6653e23_1732168759736.mp3," शोक से कोई नहीं रोता है, आशु तबी आते हैं, जग दर्द बरदास नहीं होता है","Nobody cries with mourning, ashu tabi comes, there is no world pain","Nobody cries with mourning, ashu tabi comes, Jag is not painful"
13.4K,27,2.9K,poster,https://cdn4.sharechat.com/33d5318_26f/audio/149239db_1723954864415.mp3?tenant=moj&referrer=audio-service&f=33d5318_26f/audio/149239db_1723954864415.mp3, अब एक खुदा सुनने मेरी दूआ मुझे कुछ नहीं चाहिए मेरी मौब्बत के सिवा मेरी मन,"Now listen to a God, I do not want anything, my mind except my love","Now listen to a God, I do not want anything, my mind except my love"
165.9K,76,36.3K,😂😂🤣😂😂😂🤣,https://cdn4.sharechat.com/10c1c35e_1705545645265.mp3?tenant=moj&referrer=audio-service&f=10c1c35e_1705545645265.mp3," कदर कर लो ठंड की, अभी फ्री में मिल रही है, चार महिने बाद पैसा खर्च करके कूलर और एसी में ढूंढोगे आँँँँँँँ","Appreciate the cold, you are getting free now, after four months, you will find money in the cooler and AC","Appreciate the cold, you are getting free now, after four months, you will find money in the cooler and AC"
205.2K,442,47.7K,poster,https://cdn4.sharechat.com/33d5318_26f/audio/2680f6b_1725679703108.mp3?tenant=moj&referrer=audio-service&f=33d5318_26f/audio/2680f6b_1725679703108.mp3, मेरी धड़कन तुमको चाहे मेरा दिल बन जाना तुम कभी रूठ जो जाए दिल तो सीने से,"My heart beats, whether you become my heart, you ever get angry with your heart","My heart beats, whether you become my heart, you ever get angry with your heart"
33.7K,54,6.9K,#NIVEASoftPerformerChallenge #ItsMyStyle #HappyChildrensDay #TaubaTauba #Zaalimaa #TarasNiAayaTujhko @urmeshkumar,https://cdn4.sharechat.com/3a3d53de_1689561650142.mp3?tenant=moj&referrer=audio-service&f=3a3d53de_1689561650142.mp3, वो दिन वो नजारा भी आएगा समंदर है अगर तो किनारा भी आएगा जिन्दगी की परिशानियों से हार मत जाना है दोस्त तुस से मिलने एक दिन वो सितारा भी आएगा,"That day will also come that view is the sea, if the edge will also come, do not lose to the life of life, one day that star will also come to meet friend Tus.","That day will also come that view is the sea, if the edge will also come, do not lose to the lovers of life, one day that star will also come to meet Tuss"
85.8K,73,13K,maa,https://cdn4.sharechat.com/33d5318_26f/audio/91e650f_1729866808827.mp3?tenant=moj&referrer=audio-service&f=33d5318_26f/audio/91e650f_1729866808827.mp3, मुझे किसी भी चीज की नहीं होने देती है कमी आई आई कितनी प्यारी है मेरी मम्मी,"I do not let anything happen to happen, how sweet my mother is","I do not let anything happen to happen, how sweet my mother is"
29.6K,32,8.7K,poster,https://cdn4.sharechat.com/33d5318_26f/audio/161ae736_1725108852119.mp3?tenant=moj&referrer=audio-service&f=33d5318_26f/audio/161ae736_1725108852119.mp3, मेरी प्यारी से जानको मेरा प्यारा सा I love you,Know my lovely my lovely I love you,Know my lovely my lovely I love you
21K,48,4.3K,poster,https://cdn4.sharechat.com/10c2c7c4_1687102608887.mp3?tenant=moj&referrer=audio-service&f=10c2c7c4_1687102608887.mp3, अभी जितना सताना है सतालो एक दिन तुम मेरे हो जाओगे ये पक्का है क्योंकि मैंने इस दिल पर किसी और का नहीं बस तुम्हारा नाम लिख रखा है,"As much as you have to persecute, one day you will be mine, it is sure because I have written your name on this heart, not anyone else.","As much as you want to persecute, one day you will be mine, it is sure because I have written your name on this heart, not anyone else."
68.8K,158,6.2K,maa,https://cdn4.sharechat.com/33d5318_26f/audio/fb55b94_1730164292002.mp3?tenant=moj&referrer=audio-service&f=33d5318_26f/audio/fb55b94_1730164292002.mp3, दुनिया में ऐसे कौन जी चीजें जिसे देखके आपकी दिल को बहुत सुकुन मिलता है मेरे लिए मा से प्यारा इस प्रमान में रिश्वान,"Who are the things in the world, seeing that your heart gets a lot of relaxation","Who are the things in the world, seeing that your heart gets a lot of relaxation"
40.7K,16,5.9K,poster,https://cdn4.sharechat.com/33d5318_26f/audio/358a875b_1730897831871.mp3?tenant=moj&referrer=audio-service&f=33d5318_26f/audio/358a875b_1730897831871.mp3, दुनिया की हर चीज से दिल उठ गया है लेकिन मजाले मोबाइल से दिल उठ जाए,"Everything in the world has risen, but the heart gets up from the mobile mobile","Everything in the world has risen, but the heart gets up from the mobile mobile"
2K,4,106,♥️♥️♥️♥️♥️👑👑👍👍💔💔,https://cdn4.sharechat.com/33d5318_26f/audio/384fa61e_1731202039295.mp3?tenant=moj&referrer=audio-service&f=33d5318_26f/audio/384fa61e_1731202039295.mp3, प्रेस लो लो,Take a press,Take a press
51K,59,9.5K,😂😂😂😄😄,https://cdn4.sharechat.com/33d5318_26f/audio/3abea822_1733103033205.mp3?tenant=moj&referrer=audio-service&f=33d5318_26f/audio/3abea822_1733103033205.mp3, नखरे आपके तोबा तोबा घजब का आपका स्टाइल है मैसेज तो आप कभी करेते नहीं हो बस हला मचा रखा है कि हमारे पास भी मोबाइल है,Nakhre is your style of your toba,Nakhre is your style of your toba
13.9K,17,2K,papa,https://cdn4.sharechat.com/33d5318_26f/audio/306a9b33_1730252498437.mp3?tenant=moj&referrer=audio-service&f=33d5318_26f/audio/306a9b33_1730252498437.mp3, हमारे पापा कोई बहुत बड़े अमिर सक्स तो नहीं लेकिन उन्होंने कभी हमें और हमारे परिवार को किसी चीज की कमी नहीं होने देखा,"Our father is not a very rich success, but he never saw us and our family to lack anything.","Our father is not a very rich success, but he never saw us and our family to lack anything."
15.9K,10,2.8K,poster,https://cdn4.sharechat.com/33d5318_26f/audio/3391d942_1730246410101.mp3?tenant=moj&referrer=audio-service&f=33d5318_26f/audio/3391d942_1730246410101.mp3, तेरा कुसूर है ना मेरा कुसूर दोनों के दोनों पास होके बिदू तेरी वज़ासे मैं तो सोये नहीं मेरी वज़ासे तू भेजा का सुझू,"Tera kusur hai na mera kusur both of them, both of them, I do not sleep, I do not sleep","Tera kusur hai na mera kusur both of them, both of them, I do not sleep, I do not sleep"
7.8K,16,768,poster,https://cdn4.sharechat.com/33d5318_26f/audio/190c2a4e_1714640240751.m4a?tenant=moj&referrer=audio-service&f=33d5318_26f/audio/190c2a4e_1714640240751.m4a, पापा की परी नहीं पापा की सेर नहीं बनी है कि पाप के उपर कोई उंगली उठाने की छोड़ी ना आख उठाकर नहीं देख सके पाप रे पाप इनकी बेटी है यहाँ,"Papa's angel is not made, Papa's series is not made that no one left to lift a finger on sin and could not see the sins, sin is his daughter here","Papa's fairy is not made, Papa's series is not made that no one left to lift a finger on sin"
13.6K,13,2.8K,poster,https://cdn4.sharechat.com/33d5318_26f/audio/8565b9b_1724506773899.mp3?tenant=moj&referrer=audio-service&f=33d5318_26f/audio/8565b9b_1724506773899.mp3, जहां कदर ना हो वहाँ जाना तुझूद फिर चाहे किसी का घर हो चाहे किसी का दिल,Wherever you do not have enthusiast,Wherever you do not have enthusiast
79.9K,58,12.3K,poster,https://cdn4.sharechat.com/33d5318_26f/audio/312afdd6_1725833776067.mp3?tenant=moj&referrer=audio-service&f=33d5318_26f/audio/312afdd6_1725833776067.mp3," सुनो, सच बोलकर दिल तोड़ देना, पर जूट बोलकर कभी धूका मत देना.","Listen, break your heart by telling the truth, but never smoke by speaking jute.","Listen, break your heart by telling the truth, but never smoke by speaking jute."
26.9K,22,7.4K,poster,https://cdn4.sharechat.com/33d5318_26f/audio/114ec0ae_1732977261254.mp3?tenant=moj&referrer=audio-service&f=33d5318_26f/audio/114ec0ae_1732977261254.mp3, क्या फाइदा देने प्यार करने का जब तुम्हारे पास मेरे लिए टाइम ही नहीं है,Do you not have time for me to love,Do you not have time for me to love
15.6K,8,2.8K,poster,https://cdn4.sharechat.com/12eaf22d_1665459547867.mp3?tenant=moj&referrer=audio-service&f=12eaf22d_1665459547867.mp3, पता है मजबूर हूँ मैं अपनी परिशानियों से और तुम समझते हो कि मैं बदल गई हूँ,Know that I am compelled by my affiliates and you understand that I am changed,Know that I am compelled by my affiliates and you understand that I am changed
2.7K,3,181,poster,https://cdn4.sharechat.com/33d5318_26f/audio/246950c8_1731664995859.mp3?tenant=moj&referrer=audio-service&f=33d5318_26f/audio/246950c8_1731664995859.mp3, दूसरों से क्या उमीद रखूँ? मैं तो अपने घरवालों को भी नहीं पसंद।,What should I expect from others?I do not even like my family members.,What should I expect from others?I do not even like my family members.
24.9K,32,6.6K,like karo follow karo comment karo share karo ♥️🥰😄😃😄😄😁,https://cdn4.sharechat.com/33d5318_26f/audio/3914d28b_1730700700893.mp3?tenant=moj&referrer=audio-service&f=33d5318_26f/audio/3914d28b_1730700700893.mp3, पहले मैंने प्यार न करने की कसम खाई थी पर जब से आपको देखा है कसम मसम जाय भाड में और हम पढ़ गए आपके प्यार में,"Earlier I vowed not to love but ever since I saw you in the morning, we have read and we have read in your love","Earlier I vowed not to love but ever since I saw you in the morning, we have read and we have read in your love"
1.8K,Comment,320,poster,https://cdn4.sharechat.com/1f57b02_1704394886916.mp3?tenant=moj&referrer=audio-service&f=1f57b02_1704394886916.mp3, किसे ने मुझे सबोचा आपकी दिल के सबसे करेब कौन है? मैंने भी कर दिया सेफडे,Who is the most of the heart of your heart?I also made safde,Who is the most of the heart of your heart?I also made safde
3.7K,7,555,poster,https://cdn4.sharechat.com/31866865_1707347553102.mp3?tenant=moj&referrer=audio-service&f=31866865_1707347553102.mp3," सुनो, हम लड़कियां दिल दुखने पर रातों को सडको पर नहीं फिर सकती, हम अपना दर्ज सिगरट के धूए में नहीं उडा सकती, हम अपना गुसा तुमारी तरह घरवालों पर भी नहीं उतार सकती, हमें तो रोने के लिए भी रात का इंतजार करना पड़ता है, ताके","Listen, we girls cannot take the nights on the roads when they are hurting, we cannot fly our recorded cigarette, we cannot even take off our guilty on the family members, we have to wait for the night to cry even to cry,","Listen, we girls cannot take the nights on the roads when they are hurting, we cannot fly our recorded cigarette, we cannot even take off our guilty on the family members, we have to wait for the night to cry even to cry,"
442.4K,412,74.8K,#pata hai ladki ladkon se kyon chhoti hoti hai #₹va #tending+tendin #va😻 #---va,https://cdn4.sharechat.com/33d5318_26f/audio/10909ac8_1728060653021.mp3?tenant=moj&referrer=audio-service&f=33d5318_26f/audio/10909ac8_1728060653021.mp3, पता है लड़कियां लड़कों से लंबाई में छोटी की होती हैं क्योंकि जब लड़का उसे गले लगाए ना तो लड़की उसकी दिल की धड़कन को सुन सके,"You know that girls are short in length than boys because when the boy hugs him, the girl can listen to his heartbeat","You know that girls are short in length than boys because when the boy hugs him, the girl can listen to his heartbeat"
115.8K,33,6.8K,caring wife 🥰,https://cdn4.sharechat.com/33d5318_26f/audio/1d459c2c_1732195914000.mp3?tenant=moj&referrer=audio-service&f=33d5318_26f/audio/1d459c2c_1732195914000.mp3, तुम्हें तो जगा रखना खुशी तुम्हारी है जब इसी में तो हम भी आसू छुपा ही लेंगे वजा जो पूछेगा ये जमाना कोई बहाना बना ही लेंगे चाहे जो तु पाए वो तुम्हें मेरी परियाग,"It is your happiness to keep you awake, when it is in this, we will also hide the Asu, who will ask, this era will make an excuse, no matter what you can","It is your happiness to keep you awake, when it is in this, we will also hide the Asu, who will ask, this era will make an excuse, no matter what you can"
188.2K,107,13.3K,ऊपर वाले से चालाकी नहीं 😂 ||#vira || #moj,https://cdn4.sharechat.com/33d5318_26f/audio/2926cab8_1730650462139.mp3?tenant=moj&referrer=audio-service&f=33d5318_26f/audio/2926cab8_1730650462139.mp3, ये उपर वाले दो तीन करोड रुपे उधार दे दे अरे उपर आके गैरेंटी के साथ आपको लुटा देंगे उपर आके लेले पैसे तियारे कम डियर,"These two to three crores rupees will lend the above, come up and come up and loot you with Garrenti","These two to three crores rupees will lend the above, come up and come up and loot you with Garrenti"
42.2K,55,15.1K,#yaad #♥️😔😔,https://cdn4.sharechat.com/1b685eb0_1610780283380.mp3?tenant=moj&referrer=audio-service&f=1b685eb0_1610780283380.mp3," इस उजड़े चमन में फूल खिलाएगा कौन, हमारे बाद तुम्हे इतना याद आएगा कौन, अरे पगले आज हम हैं तभी तो सताते हैं, हमारे जाने की बाद तुम्हे इतना सताएगा कौन","Who will feed flowers in this desolate chaman, after us, you will miss so much, oh Pagle today, only then we persecute you, who will be so persecuted to go after us","Who will feed flowers in this desolate chaman, after us, you will miss so much, oh Pagle today, only then we persecute you, who will be so persecuted to go after us"
141K,101,20.1K,poster,https://cdn4.sharechat.com/33d5318_26f/audio/3b17db2d_1725066981257.mp3?tenant=moj&referrer=audio-service&f=33d5318_26f/audio/3b17db2d_1725066981257.mp3," पल पल तरपे जिस पल के लिए, वो पल भी आया, कुछ पल के लिए, सोचा उस पल को रोक लूँ हर पल के लिए, पर वो पल भी ठहरा, कुछ पल के लिए","For the moment when the moment came, that moment also came, for a few moments, I thought I should stop that moment for every moment, but that moment is also there, for a few moments",
78K,64,9.7K,👉sahi bat hai 👈,https://cdn4.sharechat.com/33d5318_26f/audio/f12ff2e_1734069815389.mp3?tenant=moj&referrer=audio-service&f=33d5318_26f/audio/f12ff2e_1734069815389.mp3, जितना सरीप बनोगी दुनिया उतना ही सताएगी हरामी बनकर जीओ दुनिया सलाम ठोकके जाएगी,"The more Sarip will become the world, the more you will persecute the world, the world will be saluted.","The more Sarip will become the world, the more you will persecute the world, the world will be saluted."
3.7K,15,267,poster,https://cdn4.sharechat.com/33d5318_26f/audio/1243d5f5_1718512327115.mp3?tenant=moj&referrer=audio-service&f=33d5318_26f/audio/1243d5f5_1718512327115.mp3, छोटा सा तु मेरा एक काम कर दे तेरा सरने मेरे नाम कर दे,"You should do one thing, you will make your surname in my name","You should do one thing, you will make your surname in my name"
29.3K,86,2K,poster,https://cdn4.sharechat.com/33d5318_26f/audio/dee4591_1730643194565.mp3?tenant=moj&referrer=audio-service&f=33d5318_26f/audio/dee4591_1730643194565.mp3, पेरी गैर सुबा मेरी तूए शाम ये,Peri non -Suba Meri Tuaye Sham This,Peri non -Suba Meri Tuaye Sham This
47.9K,26,1.5K,poster,https://cdn4.sharechat.com/33d5318_26f/audio/2f7cfe5e_1733981253352.mp3?tenant=moj&referrer=audio-service&f=33d5318_26f/audio/2f7cfe5e_1733981253352.mp3," तुम मुश्कुराता हूँ क्या हुआ? मी तनहाई को के भूल जाता हूँ तुम मिलता है मुझे मैडम, आपके जैसे हजारों स्टुडेंट्स को रोस्ट करने का एक्सपिरियन्स रह चुका है भूल जाता हूँ ए, ज़रा मैडम को वास्ट्रूम का रस्ता तो दिखा",What happened to you?I forget me Tanhai.,What happened to you?I forget me Tanhai.
11.1K,19,1.3K,poster,https://cdn4.sharechat.com/33d5318_26f/audio/12b09562_1734108148968.mp3?tenant=moj&referrer=audio-service&f=33d5318_26f/audio/12b09562_1734108148968.mp3, जितना सरीब बनोगी दुनिया उतना ही सताएगी हरामी बनकर जीओ दुनिया सलाम ठोकके जाएगी,"The more the world, the more the world will persecute the world, live the world, the world will be saluted.","The more the world, the more the world will persecute the world, live the world, the world will be saluted."
19.1K,17,2.4K,poster,https://cdn4.sharechat.com/33d5318_26f/audio/33211a53_1730183870132.mp3?tenant=moj&referrer=audio-service&f=33d5318_26f/audio/33211a53_1730183870132.mp3, गलत थी मैं जो तुझको तेरी ओकात से ज़्यादा चाहा था एक तुझको पाने की घातर दुनिया को ठुकराया था,"I was wrong, who had wanted you more than your utterance, had rejected the ambush world to get you","I was wrong, who had wanted you more than your utterance, had rejected the ambush world to get you"
4.6K,6,379,poster,https://cdn4.sharechat.com/2faae0bf_1654411033282.mp3?tenant=moj&referrer=audio-service&f=2faae0bf_1654411033282.mp3, जीने की खौईश ना मरने का खौब The number you are calling is currently switched off,Living is not a dying of life. The number you are calling is currently switched off,Living is not a dying of life. The number you are calling is currently switched off
14.6K,36,3.3K,poster,https://cdn4.sharechat.com/33d5318_26f/audio/9fd9a16_1730425330240.mp3?tenant=moj&referrer=audio-service&f=33d5318_26f/audio/9fd9a16_1730425330240.mp3, प्रश्न प्रश्न,Question question,Question question
19.1K,53,2.3K,poster,https://cdn4.sharechat.com/19538553_1703554935575.mp3?tenant=moj&referrer=audio-service&f=19538553_1703554935575.mp3, मैंने छोड़े हैं बाकी सारे रास्ते हैं बस आया हूँ तेरे पास रे मेरी आँखों में तेरा नाम है पहचान ले सब कुछ मेरे लिए तेरे बात है सौ बातों की,"I have left all the other ways, I have come to you, I have your name in my eyes, I recognize everything for me","I have left all the other ways, I have come to you, I have your name in my eyes, I recognize everything for me"
29.2K,25,7.6K,Cute Couple😍👩‍❤️‍💋‍👨 LOVE status video❤️ Whatsapp Status video♥️😘 Love Zone #shorts#couplegoals#Viral#shortsvideo #viralreels #trending #couplesvideo #explorerpage,https://cdn4.sharechat.com/33d5318_26f/audio/331329d_1730767846120.mp3?tenant=moj&referrer=audio-service&f=33d5318_26f/audio/331329d_1730767846120.mp3, तू हजार बार भी रूठे तो मैं मना लूँगी बस जगडे में कोई तीसरा शामिल लाओ,"If you are angry with a thousand times, I will convince, just bring a third one in the world","If you are angry with a thousand times, I will celebrate, just bring a third one in the world"
1.8K,Comment,158,poster,https://cdn4.sharechat.com/33d5318_26f/audio/3d4d350_1733918733684.mp3?tenant=moj&referrer=audio-service&f=33d5318_26f/audio/3d4d350_1733918733684.mp3, अच्छा एक बात बताओ हुँ सबसे आदा स्क्रॉंग कौन होता है? लड़की या लड़के? लड़के कैसे? हज़ार बार गिडने के बाद भी खुछ से खड़े हो जाते हैं लड़के क्योंकि उन्हें पता है उन्हें उठाने कोई नहीं आएगा,"Okay, tell me one thing, who is the most unlikely scrong?Girl or boy?How did boys?Boys stand up with a thousand times even after being giddy, because they know no one will come to lift them","Okay, tell me one thing, who is the most unlikely scrong?Girl or boy?How did boys?Boys stand up with a thousand times even after being giddy, because they know no one will come to lift them"
4.6K,28,237,🫣,https://cdn4.sharechat.com/33d5318_26f/audio/c3ab09a_1730684661895.mp3?tenant=moj&referrer=audio-service&f=33d5318_26f/audio/c3ab09a_1730684661895.mp3, कब मामी डैडी मेरे तू पटाएगा लेके बैंड बाजा घर मेरे आएगा कब तक मुझे ऐसे ही गुमाएगा तू बात बढ़ा तो सही,"When Mami Daddy will beat me, but the band Baja house will come to me, how long will you get like this, then you will increase the matter, then right","When Mami Daddy will beat me, but the band Baja house will come to me, how long will you get like this, then you will increase the matter, then right"
